"Site Name","siteID","Domain Name","domainID","State","Latitude","Longitude","Site Type","Site Subtype","Site Host"
"Little Rock Lake","LIRO","Great Lakes","D05","WI",45.998269,-89.704767,"Relocatable Aquatic","Lake","Wisconsin Department of Natural Resources"
"West St Louis Creek","WLOU","Southern Rockies & Colorado Plateau","D13","CO",39.89137,-105.9154,"Relocatable Aquatic","Wadeable Stream","U.S. Forest Service"
"Pu'u Maka'ala Natural Area Reserve","PUUM","Pacific Tropical","D20","HI",19.55309,-155.31731,"Core Terrestrial",NA,"Hawaii State Forest Reserve System Department of Land and Natural Resources, Division of Forestry and Wildlife"
"Flint River","FLNT","Southeast","D03","GA",31.18542,-84.4374,"Relocatable Aquatic","Non-wadeable River","Private Owner"
"McDiffett Creek","MCDI","Prairie Peninsula","D06","KS",38.94428,-96.44197,"Relocatable Aquatic","Wadeable Stream","Private Owner - KSU Charitable Real Estate Foundation"
"Lewis Run","LEWI","Mid-Atlantic","D02","VA",39.09564,-77.98322,"Relocatable Aquatic","Wadeable Stream","Casey Trees"
"Blue River","BLUE","Southern Plains","D11","OK",34.44422,-96.6242,"Relocatable Aquatic","Wadeable Stream","The Nature Conservancy"
"Teakettle 2 Creek","TECR","Pacific Southwest","D17","CA",36.95528,-119.02699,"Core Aquatic","Wadeable Stream","U.S. Forest Service"
"Lower Hop Brook","HOPB","Northeast","D01","MA",42.47179,-72.32963,"Core Aquatic","Wadeable Stream","Quabbin DCR - Division of Water Supply Protection"
"Martha Creek","MART","Pacific Northwest","D16","WA",45.79125,-121.93196,"Core Aquatic","Wadeable Stream","U.S. Forest Service"
"Upper Big Creek","BIGC","Pacific Southwest","D17","CA",37.058,-119.256,"Relocatable Aquatic","Wadeable Stream","U.S. Forest Service"
"Red Butte Creek","REDB","Great Basin","D15","UT",40.78374,-111.79765,"Core Aquatic","Wadeable Stream","U.S. Forest Service, University of Utah"
"Onaqui","ONAQ","Great Basin","D15","UT",40.17759,-112.45244,"Core Terrestrial",NA,"Bureau of Land Management"
"Santa Rita Experimental Range","SRER","Desert Southwest","D14","AZ",31.91068,-110.83549,"Core Terrestrial",NA,"University of Arizona"
"Jornada LTER","JORN","Desert Southwest","D14","NM",32.59068,-106.84254,"Relocatable Terrestrial",NA,"U.S. Department of Agriculture, Agricultural Research Service"
"Niwot Ridge Mountain Research Station","NIWO","Southern Rockies & Colorado Plateau","D13","CO",40.05425,-105.58237,"Core Terrestrial",NA,"University of Colorado at Boulder, U.S. Forest Service, LTER"
"Sycamore Creek","SYCA","Desert Southwest","D14","AZ",33.74906,-111.5069,"Core Aquatic","Wadeable Stream","U. S. Forest Service"
"Como Creek","COMO","Southern Rockies & Colorado Plateau","D13","CO",40.03496,-105.54487,"Core Aquatic","Wadeable Stream","U.S Forest Service, Boulder County"
"Moab","MOAB","Southern Rockies & Colorado Plateau","D13","UT",38.24833,-109.38827,"Relocatable Terrestrial",NA,"Bureau of Land Management"
"Yellowstone Northern Range (Frog Rock)","YELL","Northern Rockies","D12","WY",44.95348,-110.53914,"Core Terrestrial",NA,"National Park Service"
"Blacktail Deer Creek","BLDE","Northern Rockies","D12","WY",44.95011,-110.58715,"Core Aquatic","Wadeable Stream","National Park Service"
"Pringle Creek","PRIN","Southern Plains","D11","TX",33.37859,-97.78226,"Core Aquatic","Wadeable Stream","U. S. Forest Service"
"LBJ National Grassland","CLBJ","Southern Plains","D11","TX",33.40123,-97.57,"Core Terrestrial",NA,"U. S. Forest Service"
"McRae Creek","MCRA","Pacific Northwest","D16","OR",44.2596,-122.16555,"Relocatable Aquatic","Wadeable Stream","HJ Andrews Experimental Forest, U.S. Forest Service, Oregon State University"
"Wind River Experimental Forest","WREF","Pacific Northwest","D16","WA",45.82049,-121.95191,"Core Terrestrial",NA,"U.S. Forest Service"
"Abby Road","ABBY","Pacific Northwest","D16","WA",45.76243,-122.33033,"Relocatable Terrestrial",NA,"Washington Department of Natural Resources"
"Lower Teakettle","TEAK","Pacific Southwest","D17","CA",37.00583,-119.00602,"Relocatable Terrestrial",NA,"U.S. Forest Service"
"Caribou Creek, Caribou-Poker Creeks Research Watershed","CARI","Taiga","D19","AK",65.15306,-147.50246,"Core Aquatic","Wadeable Stream","University of Alaska"
"Caribou-Poker Creeks Research Watershed","BONA","Taiga","D19","AK",65.15401,-147.50258,"Core Terrestrial",NA,"University of Alaska"
"Delta Junction","DEJU","Taiga","D19","AK",63.88112,-145.75136,"Relocatable Terrestrial",NA,"Bureau of Land Management"
"Healy","HEAL","Taiga","D19","AK",63.87569,-149.21334,"Relocatable Terrestrial",NA,"Alaska Department of Natural Resources"
"Toolik Lake","TOOK","Tundra","D18","AK",68.630692,-149.610636,"Relocatable Aquatic","Lake","Bureau of Land Management"
"Toolik","TOOL","Tundra","D18","AK",68.66109,-149.37047,"Core Terrestrial",NA,"Bureau of Land Management"
"Oksrukuyik Creek","OKSR","Tundra","D18","AK",68.66975,-149.14302,"Core Aquatic","Wadeable Stream","Bureau of Land Management"
"Utqiaġvik","BARR","Tundra","D18","AK",71.28241,-156.61936,"Relocatable Terrestrial",NA,"Ukpeaġvik Iñupiat Corporation"
"Soaproot Saddle","SOAP","Pacific Southwest","D17","CA",37.03337,-119.26219,"Relocatable Terrestrial",NA,"U.S. Forest Service"
"San Joaquin Experimental Range","SJER","Pacific Southwest","D17","CA",37.10878,-119.73228,"Core Terrestrial",NA,"U.S. Forest Service"
"Lenoir Landing","LENO","Ozarks Complex","D08","AL",31.85388,-88.16122,"Relocatable Terrestrial",NA,"U.S. Army Corps of Engineers, U.S. Fish and Wildlife Service"
"Ordway-Swisher Biological Station - Suggs Lake","SUGG","Southeast","D03","FL",29.68705,-82.01617,"Core Aquatic","Lake","University of Florida Foundation"
"Klemme Range Research Station","OAES","Southern Plains","D11","OK",35.41059,-99.05879,"Relocatable Terrestrial",NA,"Oklahoma State University, Oklahoma Agricultural Experimental Station"
"Central Plains Experimental Range","CPER","Central Plains","D10","CO",40.81553,-104.7456,"Core Terrestrial",NA,"U.S. Department of Agriculture, Agriculture Research Service, LTER"
"Arikaree River","ARIK","Central Plains","D10","CO",39.75825,-102.4471,"Core Aquatic","Wadeable Stream","The Nature Conservancy"
"North Sterling, CO","STER","Central Plains","D10","CO",40.4619,-103.0293,"Relocatable Terrestrial",NA,"Private Owner"
"Treehaven","TREE","Great Lakes","D05","WI",45.49369,-89.58571,"Relocatable Terrestrial",NA,"University of Wisconsin, Stevens Point"
"UNDERC","UNDE","Great Lakes","D05","MI",46.23388,-89.53725,"Core Terrestrial",NA,"University of Notre Dame Environmental Research Center"
"Crampton Lake","CRAM","Great Lakes","D05","WI",46.21111,-89.47825,"Core Aquatic","Lake","University of Notre Dame Environmental Research Center"
"Steigerwaldt Land Services","STEI","Great Lakes","D05","WI",45.50894,-89.58637,"Relocatable Terrestrial",NA,"Steigerwaldt Land Services"
"Rio Guilarte","GUIL","Atlantic Neotropical","D04","PR",18.1741,-66.79851,"Relocatable Aquatic","Wadeable Stream","University of Puerto Rico"
"Lajas Experimental Station","LAJA","Atlantic Neotropical","D04","PR",18.02125,-67.0769,"Relocatable Terrestrial",NA,"University of Puerto Rico"
"Guanica Forest","GUAN","Atlantic Neotropical","D04","PR",17.96955,-66.8687,"Core Terrestrial",NA,"State Forest, Dept. of Natural and Environmental Resources, Commonwealth of Puerto Rico"
"Rio Cupeyes","CUPE","Atlantic Neotropical","D04","PR",18.11352,-66.98676,"Core Aquatic","Wadeable Stream","Commonwealth of Puerto Rico"
"Ordway-Swisher Biological Station","OSBS","Southeast","D03","FL",29.68927,-81.99343,"Core Terrestrial",NA,"University of Florida Foundation"
"Ordway-Swisher Biological Station - Barco Lake","BARC","Southeast","D03","FL",29.67647,-82.00909,"Core Aquatic","Lake","University of Florida Foundation"
"Disney Wilderness Preserve","DSNY","Southeast","D03","FL",28.12504,-81.4362,"Relocatable Terrestrial",NA,"The Nature Conservancy"
"Jones Ecological Research Center","JERC","Southeast","D03","GA",31.19484,-84.46861,"Relocatable Terrestrial",NA,"Private Owner"
"Blandy Experimental Farm","BLAN","Mid-Atlantic","D02","VA",39.06026,-78.07164,"Relocatable Terrestrial",NA,"University of Virginia"
"Smithsonian Environmental Research Center","SERC","Mid-Atlantic","D02","MD",38.89008,-76.56001,"Relocatable Terrestrial",NA,"Smithsonian Institution"
"Smithsonian Conservation Biology Institute","SCBI","Mid-Atlantic","D02","VA",38.89292,-78.1395,"Core Terrestrial",NA,"Smithsonian Institution"
"Posey Creek","POSE","Mid-Atlantic","D02","VA",38.89332,-78.14678,"Core Aquatic","Wadeable Stream","Smithsonian Institution"
"Bartlett Experimental Forest","BART","Northeast","D01","NH",44.06388,-71.28731,"Relocatable Terrestrial",NA,"U.S. Forest Service"
"Konza Prairie Biological Station - Relocatable","KONA","Prairie Peninsula","D06","KS",39.11044,-96.61295,"Relocatable Terrestrial",NA,"The Nature Conservancy, Kansas State University"
"Kings Creek","KING","Prairie Peninsula","D06","KS",39.10506,-96.60336,"Core Aquatic","Wadeable Stream","The Nature Conservancy, Kansas State University, LTER"
"Konza Prairie Biological Station","KONZ","Prairie Peninsula","D06","KS",39.10077,-96.56309,"Core Terrestrial",NA,"The Nature Conservancy, Kansas State University, LTER"
"Rocky Mountain National Park, CASTNET","RMNP","Central Plains","D10","CO",40.27591,-105.54592,"Relocatable Terrestrial",NA,"National Park Service"
"Woodworth","WOOD","Northern Plains","D09","ND",47.12823,-99.24136,"Core Terrestrial",NA,"U.S. Geological Survey, U.S. Fish and Wildlife Service"
"Prairie Pothole","PRPO","Northern Plains","D09","ND",47.12999,-99.25055,"Core Aquatic","Lake","U.S. Geological Survey, U.S. Fish and Wildlife Service"
"Northern Great Plains Research Laboratory","NOGP","Northern Plains","D09","ND",46.76972,-100.91535,"Relocatable Terrestrial",NA,"U.S. Department of Agriculture, Agricultural Research Service"
"Prairie Lake at Dakota Coteau Field School","PRLA","Northern Plains","D09","ND",47.15909,-99.11388,"Relocatable Aquatic","Lake","State of North Dakota Land Trust"
"Dakota Coteau Field School","DCFS","Northern Plains","D09","ND",47.16165,-99.10656,"Relocatable Terrestrial",NA,"State of North Dakota Land Trust"
"Talladega National Forest","TALL","Ozarks Complex","D08","AL",32.95046,-87.39327,"Core Terrestrial",NA,"U.S. Forest Service"
"Mayfield Creek","MAYF","Ozarks Complex","D08","AL",32.95966,-87.40813,"Core Aquatic","Wadeable Stream","U.S. Forest Service"
"Lower Tombigbee River at Choctaw Refuge","TOMB","Ozarks Complex","D08","AL",31.8521,-88.16107,"Relocatable Aquatic","Non-wadeable River","U.S. Army Corps of Engineers"
"Dead Lake","DELA","Ozarks Complex","D08","AL",32.54172,-87.80389,"Relocatable Terrestrial",NA,"U.S. Army Corps of Engineers"
"Black Warrior River near Dead Lake","BLWA","Ozarks Complex","D08","AL",32.54153,-87.79815,"Relocatable Aquatic","Non-wadeable River","Private Owner - U.S. Army Corps of Engineers"
"Walker Branch","WALK","Appalachians & Cumberland Plateau","D07","TN",35.95947,-84.28041,"Core Aquatic","Wadeable Stream","U.S. Department of Energy"
"Oak Ridge","ORNL","Appalachians & Cumberland Plateau","D07","TN",35.96412,-84.2826,"Core Terrestrial",NA,"U.S. Department of Energy"
"Mountain Lake Biological Station","MLBS","Appalachians & Cumberland Plateau","D07","VA",37.37828,-80.52484,"Relocatable Terrestrial",NA,"Private Owner - University of Virginia"
"LeConte Creek","LECO","Appalachians & Cumberland Plateau","D07","TN",35.69043,-83.50379,"Relocatable Aquatic","Wadeable Stream","National Park Service"
"Great Smoky Mountains National Park, Twin Creeks","GRSM","Appalachians & Cumberland Plateau","D07","TN",35.68896,-83.50195,"Relocatable Terrestrial",NA,"National Park Service"
"The University of Kansas Field Station","UKFS","Prairie Peninsula","D06","KS",39.04043,-95.19215,"Relocatable Terrestrial",NA,"University of Kansas"
"Harvard Forest","HARV","Northeast","D01","MA",42.5369,-72.17266,"Core Terrestrial",NA,"Harvard University; LTER; Massachusetts Department of Conservation and Recreation, Division of Water Supply Protection"
